Extracted:,"United Nations High Commissioner for Refugees"
"Date extracted:","14/11/2023 11:48 UTC"
"Last updated:","24 October 2023"
"Some data presented may differ from statistics published previously due to retroactive changes or the inclusion of previously unavailable data."

"Data table contains the following:","Population figures"
"Content type","End year stock population totals"
"Data quick link",https://www.unhcr.org/refugee-statistics/download/?url=qZk4Ho
"Data definitions",https://www.unhcr.org/refugee-statistics/methodology/
"Usage licence",https://creativecommons.org/licenses/by/4.0/
"Population types included","REF,ROC,ASY,IDP,IOC,OIP,OOC,STA"
Years:,2020
Origin:
"Country of asylum:"
Year,"Country of origin","Country of origin (ISO)","Country of asylum","Country of asylum (ISO)","Population Type","Female 0 - 4","Female 5 - 11","Female 12 - 17","Female 18 - 59","Female 60","Female other","Female total","Male 0 - 4","Male 5 - 11","Male 12 - 17","Male 18 - 59","Male 60","Male other","Male total",Total
2020,-,-,-,-,REF,1072817,1703975,1129540,3786418,307986,213679,8214415,1100676,1776515,1220468,4096717,293280,226318,8713974,20661846
