Extracted:,"United Nations High Commissioner for Refugees"
"Date extracted:","12/11/2023 15:44 UTC"
"Last updated:","24 October 2023"
"Some data presented may differ from statistics published previously due to retroactive changes or the inclusion of previously unavailable data."

"Data table contains the following:","Population figures"
"Content type","End year stock population totals"
"Data quick link",https://www.unhcr.org/refugee-statistics/download/?url=bEW3lf
"Data definitions",https://www.unhcr.org/refugee-statistics/methodology/
"Usage licence",https://creativecommons.org/licenses/by/4.0/
"Population types included","REF,ROC,ASY,IDP,IOC,OIP,OOC,STA"
Years:,2020
Origin:,all
"Country of asylum:"
Year,"Country of origin","Country of origin (ISO)","Country of asylum","Country of asylum (ISO)","Refugees under UNHCR's mandate"
2020,Argentina,ARG,-,-,99
2020,Türkiye,TUR,-,-,93730
2020,Poland,POL,-,-,910
2020,Greece,GRC,-,-,90
2020,Cuba,CUB,-,-,8912
2020,Nicaragua,NIC,-,-,8701
2020,Zimbabwe,ZWE,-,-,8575
2020,"Dem. Rep. of the Congo",COD,-,-,840392
2020,Angola,AGO,-,-,8196
2020,Somalia,SOM,-,-,812356
2020,Mozambique,MOZ,-,-,81
2020,Sweden,SWE,-,-,8
2020,Sudan,SDN,-,-,787823
2020,Cameroon,CMR,-,-,78481
2020,Maldives,MDV,-,-,78
2020,Togo,TGO,-,-,7704
2020,Nepal,NPL,-,-,7483
2020,Comoros,COM,-,-,748
2020,Uganda,UGA,-,-,7442
2020,Kenya,KEN,-,-,7422
2020,"Saint Vincent and the Grenadines",VCT,-,-,742
2020,Georgia,GEO,-,-,7346
2020,"Saint Lucia",LCA,-,-,726
2020,Germany,DEU,-,-,71
2020,Grenada,GRD,-,-,70
2020,Panama,PAN,-,-,70
2020,"Marshall Islands",MHL,-,-,7
2020,"Dem. People's Rep. of Korea",PRK,-,-,689
2020,"United Rep. of Tanzania",TZA,-,-,689
2020,Belize,BLZ,-,-,68
2020,Bhutan,BTN,-,-,6741
2020,"Syrian Arab Rep.",SYR,-,-,6702910
2020,"Lao People's Dem. Rep.",LAO,-,-,6665
2020,Chile,CHL,-,-,659
2020,Canada,CAN,-,-,65
2020,"Central African Rep.",CAF,-,-,642161
2020,"United Kingdom of Great Britain and Northern Ireland",GBR,-,-,62
2020,Italy,ITA,-,-,62
2020,Benin,BEN,-,-,606
2020,Lesotho,LSO,-,-,6
2020,Lithuania,LTU,-,-,58
2020,"Sierra Leone",SLE,-,-,5734
2020,"Dominican Rep.",DOM,-,-,550
2020,Dominica,DMA,-,-,55
2020,Lebanon,LBN,-,-,5495
2020,"Saint Kitts and Nevis",KNA,-,-,54
2020,Stateless,XXA,-,-,53725
2020,"Bolivia (Plurinational State of)",BOL,-,-,535
2020,Bahrain,BHR,-,-,534
2020,Bahamas,BHS,-,-,534
2020,Montenegro,MNE,-,-,530
2020,"Russian Federation",RUS,-,-,52742
2020,Eritrea,ERI,-,-,524738
2020,Spain,ESP,-,-,52
2020,Liberia,LBR,-,-,5195
2020,Fiji,FJI,-,-,516
2020,Malawi,MWI,-,-,514
2020,Bulgaria,BGR,-,-,510
2020,"Papua New Guinea",PNG,-,-,510
2020,"Netherlands (Kingdom of the)",NLD,-,-,51
2020,"Cayman Islands",CYM,-,-,5
2020,"Cabo Verde",CPV,-,-,5
2020,Denmark,DNK,-,-,5
2020,Iceland,ISL,-,-,5
2020,Luxembourg,LUX,-,-,5
2020,Malta,MLT,-,-,5
2020,Norway,NOR,-,-,5
2020,Nauru,NRU,-,-,5
2020,Switzerland,CHE,-,-,5
2020,Turkmenistan,TKM,-,-,498
2020,France,FRA,-,-,49
2020,"South Africa",ZAF,-,-,474
2020,Oman,OMN,-,-,47
2020,Philippines,PHL,-,-,469
2020,Hungary,HUN,-,-,4617
2020,Algeria,DZA,-,-,4571
2020,Namibia,NAM,-,-,457
2020,"El Salvador",SLV,-,-,45640
2020,Gabon,GAB,-,-,454
2020,Morocco,MAR,-,-,4467
2020,Japan,JPN,-,-,40
2020,Mauritania,MRT,-,-,37931
2020,"Cote d'Ivoire",CIV,-,-,37525
2020,Israel,ISR,-,-,373
2020,Burundi,BDI,-,-,372951
2020,Singapore,SGP,-,-,37
2020,"Solomon Islands",SLB,-,-,37
2020,Nigeria,NGA,-,-,352960
2020,Ukraine,UKR,-,-,35156
2020,"Curacao ",CUW,-,-,35
2020,"New Zealand",NZL,-,-,35
2020,"United States of America",USA,-,-,349
2020,Honduras,HND,-,-,34456
2020,Iraq,IRQ,-,-,333200
2020,Qatar,QAT,-,-,33
2020,Yemen,YEM,-,-,32433
2020,"Viet Nam",VNM,-,-,316728
2020,Belarus,BLR,-,-,3139
2020,Uzbekistan,UZB,-,-,3112
2020,Tonga,TON,-,-,31
2020,"Serbia and Kosovo: S/RES/1244 (1999)",SRB,-,-,29976
2020,"Trinidad and Tobago",TTO,-,-,295
2020,Kyrgyzstan,KGZ,-,-,2883
2020,Peru,PER,-,-,2834
2020,Belgium,BEL,-,-,28
2020,"Sao Tome and Principe",STP,-,-,28
2020,Estonia,EST,-,-,277
2020,Kazakhstan,KAZ,-,-,2741
2020,Portugal,PRT,-,-,27
2020,Madagascar,MDG,-,-,268
2020,Guinea,GIN,-,-,26792
2020,Guyana,GUY,-,-,267
2020,Egypt,EGY,-,-,26553
2020,Afghanistan,AFG,-,-,2594827
2020,Haiti,HTI,-,-,25649
2020,Jamaica,JAM,-,-,2526
2020,Zambia,ZMB,-,-,252
2020,Jordan,JOR,-,-,2486
2020,Rwanda,RWA,-,-,245781
2020,Guatemala,GTM,-,-,24544
2020,Djibouti,DJI,-,-,2419
2020,Croatia,HRV,-,-,23451
2020,Barbados,BRB,-,-,230
2020,Mongolia,MNG,-,-,2277
2020,Tajikistan,TJK,-,-,2219
2020,"Rep. of Moldova",MDA,-,-,2206
2020,"South Sudan",SSD,-,-,2188785
2020,"Costa Rica",CRI,-,-,208
2020,"Saudi Arabia",SAU,-,-,2003
2020,Australia,AUS,-,-,20
2020,Eswatini,SWZ,-,-,198
2020,Botswana,BWA,-,-,191
2020,Colombia,COL,-,-,189866
2020,Bangladesh,BGD,-,-,18948
2020,Niger,NER,-,-,18853
2020,"Unknown ",UNK,-,-,184067
2020,"United Arab Emirates",ARE,-,-,181
2020,Austria,AUT,-,-,18
2020,Niue,NIU,-,-,18
2020,Mauritius,MUS,-,-,176
2020,China,CHN,-,-,175361
2020,Libya,LBY,-,-,17523
2020,Thailand,THA,-,-,174
2020,"Venezuela (Bolivarian Republic of)",VEN,-,-,171112
2020,Suriname,SUR,-,-,17
2020,Slovenia,SVN,-,-,17
2020,Ecuador,ECU,-,-,1689
2020,Mali,MLI,-,-,164588
2020,Guinea-Bissau,GNB,-,-,1638
2020,Tunisia,TUN,-,-,1636
2020,"North Macedonia",MKD,-,-,1576
2020,"Burkina Faso",BFA,-,-,15694
2020,"Bosnia and Herzegovina",BIH,-,-,15578
2020,Albania,ALB,-,-,15523
2020,Brazil,BRA,-,-,1548
2020,Mexico,MEX,-,-,15398
2020,Ethiopia,ETH,-,-,151426
2020,"China, Hong Kong SAR",HKG,-,-,15
2020,Uruguay,URY,-,-,15
2020,"Rep. of Korea",KOR,-,-,146
2020,"Equatorial Guinea",GNQ,-,-,145
2020,Latvia,LVA,-,-,143
2020,"Sri Lanka",LKA,-,-,142664
2020,Kuwait,KWT,-,-,1422
2020,"Turks and Caicos Islands",TCA,-,-,14
2020,Senegal,SEN,-,-,13986
2020,Ghana,GHA,-,-,13844
2020,Slovakia,SVK,-,-,1368
2020,"Iran (Islamic Rep. of)",IRN,-,-,135018
2020,Romania,ROU,-,-,1343
2020,Pakistan,PAK,-,-,133280
2020,Indonesia,IDN,-,-,13029
2020,Congo,COG,-,-,12590
2020,Tibetan,TIB,-,-,12561
2020,India,IND,-,-,12398
2020,Paraguay,PRY,-,-,119
2020,Cambodia,KHM,-,-,11862
2020,"Western Sahara",ESH,-,-,116925
2020,Czechia,CZE,-,-,1112
2020,Myanmar,MMR,-,-,1103245
2020,Timor-Leste,TLS,-,-,11
2020,"Antigua and Barbuda",ATG,-,-,108
2020,Malaysia,MYS,-,-,1058
2020,Gambia,GMB,-,-,10579
2020,Chad,TCD,-,-,10388
2020,Armenia,ARM,-,-,10334
2020,Azerbaijan,AZE,-,-,101468
2020,Palestinian,PSE,-,-,100153
2020,Seychelles,SYC,-,-,10
